[
    {
        "key": "group_5f0f1f5d98c69",
        "title": "Subsite Menu Page Parents",
        "fields": [
            {
                "key": "field_5f0f1f76b5dd4",
                "label": "Subsite Menus",
                "name": "subsite_menus",
                "type": "repeater",
                "instructions": "",
                "required": 0,
                "conditional_logic": 0,
                "wrapper": {
                    "width": "",
                    "class": "",
                    "id": ""
                },
                "collapsed": "",
                "min": 0,
                "max": 0,
                "layout": "table",
                "button_label": "",
                "sub_fields": [
                    {
                        "key": "field_5f0f2032b5dd5",
                        "label": "Name",
                        "name": "name",
                        "type": "text",
                        "instructions": "",
                        "required": 1,
                        "conditional_logic": 0,
                        "wrapper": {
                            "width": "",
                            "class": "",
                            "id": ""
                        },
                        "default_value": "",
                        "placeholder": "",
                        "prepend": "",
                        "append": "",
                        "maxlength": 144
                    },
                    {
                        "key": "field_5f3436cfaaf8c",
                        "label": "Header",
                        "name": "header",
                        "type": "group",
                        "instructions": "",
                        "required": 0,
                        "conditional_logic": 0,
                        "wrapper": {
                            "width": "",
                            "class": "",
                            "id": ""
                        },
                        "layout": "block",
                        "sub_fields": [
                            {
                                "key": "field_5f3436e2aaf8d",
                                "label": "Image",
                                "name": "image",
                                "type": "image",
                                "instructions": "",
                                "required": 0,
                                "conditional_logic": 0,
                                "wrapper": {
                                    "width": "",
                                    "class": "",
                                    "id": ""
                                },
                                "return_format": "array",
                                "preview_size": "medium",
                                "library": "all",
                                "min_width": "",
                                "min_height": "",
                                "min_size": "",
                                "max_width": "",
                                "max_height": "",
                                "max_size": "",
                                "mime_types": "jpg, jpeg"
                            },
                            {
                                "key": "field_5f343c6a81d73",
                                "label": "Title",
                                "name": "title",
                                "type": "text",
                                "instructions": "",
                                "required": 0,
                                "conditional_logic": 0,
                                "wrapper": {
                                    "width": "",
                                    "class": "",
                                    "id": ""
                                },
                                "default_value": "",
                                "placeholder": "",
                                "prepend": "",
                                "append": "",
                                "maxlength": ""
                            },
                            {
                                "key": "field_5f343b7881d72",
                                "label": "Description",
                                "name": "description",
                                "type": "text",
                                "instructions": "",
                                "required": 0,
                                "conditional_logic": 0,
                                "wrapper": {
                                    "width": "",
                                    "class": "",
                                    "id": ""
                                },
                                "default_value": "",
                                "placeholder": "",
                                "prepend": "",
                                "append": "",
                                "maxlength": ""
                            }
                        ]
                    }
                ]
            }
        ],
        "location": [
            [
                {
                    "param": "post_type",
                    "operator": "==",
                    "value": "post"
                }
            ]
        ],
        "menu_order": 0,
        "position": "normal",
        "style": "default",
        "label_placement": "top",
        "instruction_placement": "label",
        "hide_on_screen": "",
        "active": true,
        "description": ""
    }
]
